filename,file_size,file_attributes,region_count,region_id,region_shape_attributes,region_attributes
4-10-24_CG002_BJ3_3.PNG,857131,"{}",156,0,"{""name"":""polygon"",""all_points_x"":[2,5,5,3,4,5,2],""all_points_y"":[30,27,18,14,11,8,6]}","{""void"":""void""}"
4-10-24_CG002_BJ3_3.PNG,857131,"{}",156,1,"{""name"":""polygon"",""all_points_x"":[1,2,6,13,14,16,16,13,9,7,1],""all_points_y"":[52,48,43,38,42,47,50,50,52,55,57]}","{""void"":""void""}"
4-10-24_CG002_BJ3_3.PNG,857131,"{}",156,2,"{""name"":""polygon"",""all_points_x"":[30,33,33,30,30],""all_points_y"":[46,45,43,43,44]}","{""void"":""void""}"
4-10-24_CG002_BJ3_3.PNG,857131,"{}",156,3,"{""name"":""polygon"",""all_points_x"":[48,52,55,59,59,57,52,48,44,46],""all_points_y"":[24,24,23,21,16,10,10,12,15,22]}","{""void"":""void""}"
4-10-24_CG002_BJ3_3.PNG,857131,"{}",156,4,"{""name"":""polygon"",""all_points_x"":[50,57,61,61,59,52,46,44],""all_points_y"":[57,51,48,44,40,39,41,48]}","{""void"":""void""}"
4-10-24_CG002_BJ3_3.PNG,857131,"{}",156,5,"{""name"":""polygon"",""all_points_x"":[68,75,76,74,70,67,67],""all_points_y"":[50,50,46,42,41,43,46]}","{""void"":""void""}"
4-10-24_CG002_BJ3_3.PNG,857131,"{}",156,6,"{""name"":""polygon"",""all_points_x"":[91,93,94,91,89,89],""all_points_y"":[18,16,15,13,15,18]}","{""void"":""void""}"
4-10-24_CG002_BJ3_3.PNG,857131,"{}",156,7,"{""name"":""polygon"",""all_points_x"":[35,40,45,44,40,38,34],""all_points_y"":[90,91,89,86,84,84,87]}","{""void"":""void""}"
4-10-24_CG002_BJ3_3.PNG,857131,"{}",156,8,"{""name"":""polygon"",""all_points_x"":[145,147,154,160,164,164,162,153,148,142,139,139,139,141],""all_points_y"":[46,43,44,41,35,30,23,21,21,23,28,37,45,45]}","{""void"":""void""}"
4-10-24_CG002_BJ3_3.PNG,857131,"{}",156,9,"{""name"":""polygon"",""all_points_x"":[130,137,148,152,151,156,162,162,165,167,168,169,168,163,159,157,153,145,139,135,131,125,122,117,110,105,100,91,85,88,89,89,92,95,100,102,108,109,114,118,117,121,125,129],""all_points_y"":[90,87,81,77,75,74,68,64,65,64,61,57,55,52,52,51,49,48,48,46,45,47,52,53,57,57,57,58,59,64,69,71,74,74,73,73,72,75,81,84,86,87,87,87]}","{""void"":""void""}"
4-10-24_CG002_BJ3_3.PNG,857131,"{}",156,10,"{""name"":""polygon"",""all_points_x"":[57,66,70,72,70,68,63,60,57],""all_points_y"":[112,114,112,107,102,99,97,97,104]}","{""void"":""void""}"
4-10-24_CG002_BJ3_3.PNG,857131,"{}",156,11,"{""name"":""polygon"",""all_points_x"":[193,197,200,200,194,192],""all_points_y"":[7,7,5,2,2,4]}","{""void"":""void""}"
4-10-24_CG002_BJ3_3.PNG,857131,"{}",156,12,"{""name"":""polygon"",""all_points_x"":[233,241,241,243,246,246,245,245,245,246,247,243,239,237,226,230],""all_points_y"":[27,27,23,21,18,16,14,13,10,8,7,5,6,6,16,24]}","{""void"":""void""}"
4-10-24_CG002_BJ3_3.PNG,857131,"{}",156,13,"{""name"":""polygon"",""all_points_x"":[250,253,255,255,251],""all_points_y"":[26,27,25,23,23]}","{""void"":""void""}"
4-10-24_CG002_BJ3_3.PNG,857131,"{}",156,14,"{""name"":""polygon"",""all_points_x"":[262,260,257,259,262],""all_points_y"":[13,13,10,9,10]}","{""void"":""void""}"
4-10-24_CG002_BJ3_3.PNG,857131,"{}",156,15,"{""name"":""polygon"",""all_points_x"":[234,239,242,244,242,239,234,229,232],""all_points_y"":[65,66,66,63,58,53,52,58,64]}","{""void"":""void""}"
4-10-24_CG002_BJ3_3.PNG,857131,"{}",156,16,"{""name"":""polygon"",""all_points_x"":[223,223,222,221],""all_points_y"":[64,63,61,63]}","{""void"":""void""}"
4-10-24_CG002_BJ3_3.PNG,857131,"{}",156,17,"{""name"":""polygon"",""all_points_x"":[159,163,162],""all_points_y"":[138,137,135]}","{""void"":""void""}"
4-10-24_CG002_BJ3_3.PNG,857131,"{}",156,18,"{""name"":""polygon"",""all_points_x"":[203,203,203,203,214,221,227,232,236,240,242,247,247,248,249,249,250,249,244,229,222,216,208],""all_points_y"":[92,97,111,114,116,116,116,117,117,112,110,108,105,99,95,88,81,77,75,80,82,86,90]}","{""void"":""void""}"
4-10-24_CG002_BJ3_3.PNG,857131,"{}",156,19,"{""name"":""polygon"",""all_points_x"":[184,188,194,204,211,213,216,214,207,201,196,196,191,188,186],""all_points_y"":[140,146,152,156,153,149,138,130,122,121,123,126,128,130,139]}","{""void"":""void""}"
4-10-24_CG002_BJ3_3.PNG,857131,"{}",156,20,"{""name"":""polygon"",""all_points_x"":[1,10,14,14,15,17,15,9,6,2,2,5,7,9,13,15,16,19,24,32,40,44,47,48,49,50,51,55,57,57,59,58,58,53,52,49,46,38,39,36,33,30,25,27,24,23,22,25,29,30,34,37,39,39,38,40,36,31,30,29,25,22,17,11,4,2],""all_points_y"":[154,154,156,161,166,175,177,184,185,184,198,201,202,210,212,213,217,222,223,224,225,222,220,215,212,209,207,207,203,198,193,191,187,187,184,181,184,180,177,174,175,171,168,166,166,163,161,156,149,145,149,146,143,141,141,136,132,130,125,123,124,128,128,128,124,123]}","{""void"":""void""}"
4-10-24_CG002_BJ3_3.PNG,857131,"{}",156,21,"{""name"":""polygon"",""all_points_x"":[50,55,57,54,51,49],""all_points_y"":[225,225,221,217,217,222]}","{""void"":""void""}"
4-10-24_CG002_BJ3_3.PNG,857131,"{}",156,22,"{""name"":""polygon"",""all_points_x"":[43,48,52,54,46],""all_points_y"":[240,246,246,239,235]}","{""void"":""void""}"
4-10-24_CG002_BJ3_3.PNG,857131,"{}",156,23,"{""name"":""polygon"",""all_points_x"":[39,41,44,43],""all_points_y"":[269,272,271,267]}","{""void"":""void""}"
4-10-24_CG002_BJ3_3.PNG,857131,"{}",156,24,"{""name"":""polygon"",""all_points_x"":[53,57,57,52],""all_points_y"":[271,271,269,268]}","{""void"":""void""}"
4-10-24_CG002_BJ3_3.PNG,857131,"{}",156,25,"{""name"":""polygon"",""all_points_x"":[9,8,8,7,1,2,3,5,9,12,14,16,18,20,24,27,26,23,26,24,20,16],""all_points_y"":[312,307,303,298,301,294,291,290,289,285,281,279,280,285,289,294,297,299,302,307,312,317]}","{""void"":""void""}"
4-10-24_CG002_BJ3_3.PNG,857131,"{}",156,26,"{""name"":""polygon"",""all_points_x"":[63,63,64,69,75,80,85,88,88,89,88,81,77,73,71,68,68,64],""all_points_y"":[268,262,255,251,248,247,248,253,260,269,277,282,282,279,278,278,274,270]}","{""void"":""void""}"
4-10-24_CG002_BJ3_3.PNG,857131,"{}",156,27,"{""name"":""polygon"",""all_points_x"":[96,99,104,105,102,101,99,96,94],""all_points_y"":[239,240,238,235,233,231,230,230,237]}","{""void"":""void""}"
4-10-24_CG002_BJ3_3.PNG,857131,"{}",156,28,"{""name"":""polygon"",""all_points_x"":[88,91,94,97,97,96,96,98,102,107,115,121,125,129,132,137,140,143,146,153,155,158,163,169,175,182,178,177,178,178,176,173,171,163,160,157,156,150,148,143,143,143,140,134,131,124,121,118,113,108,103,99,97,98,96,91,91,90,92],""all_points_y"":[203,203,203,200,197,191,191,189,192,191,189,186,182,182,183,183,180,179,182,181,182,182,183,182,180,178,175,173,170,167,166,161,156,155,158,155,153,152,153,153,156,158,160,162,162,164,159,159,155,155,159,164,166,168,170,171,175,184,190]}","{""void"":""void""}"
4-10-24_CG002_BJ3_3.PNG,857131,"{}",156,29,"{""name"":""polygon"",""all_points_x"":[60,66,68,69,72,74,75,73,69,64,62,59],""all_points_y"":[304,305,304,305,305,304,301,298,295,296,299,301]}","{""void"":""void""}"
4-10-24_CG002_BJ3_3.PNG,857131,"{}",156,30,"{""name"":""polygon"",""all_points_x"":[33,36,40,45,50,49,47,43,40,35,34,31,28,24,23,25,28],""all_points_y"":[353,353,355,351,344,335,330,327,324,326,330,328,328,334,337,340,347]}","{""void"":""void""}"
4-10-24_CG002_BJ3_3.PNG,857131,"{}",156,31,"{""name"":""polygon"",""all_points_x"":[59,61,61,59],""all_points_y"":[316,317,314,315]}","{""void"":""void""}"
4-10-24_CG002_BJ3_3.PNG,857131,"{}",156,32,"{""name"":""polygon"",""all_points_x"":[62,67,72,80,84,86,88,82,76,72,67,62],""all_points_y"":[346,349,352,353,348,345,340,333,331,332,337,344]}","{""void"":""void""}"
4-10-24_CG002_BJ3_3.PNG,857131,"{}",156,33,"{""name"":""polygon"",""all_points_x"":[45,50,50,50,47,45,43],""all_points_y"":[375,373,370,367,366,368,370]}","{""void"":""void""}"
4-10-24_CG002_BJ3_3.PNG,857131,"{}",156,34,"{""name"":""polygon"",""all_points_x"":[60,64,68,69,65,59,58,59],""all_points_y"":[378,378,376,372,368,367,371,375]}","{""void"":""void""}"
4-10-24_CG002_BJ3_3.PNG,857131,"{}",156,35,"{""name"":""polygon"",""all_points_x"":[106,108,109,106],""all_points_y"":[378,378,376,376]}","{""void"":""void""}"
4-10-24_CG002_BJ3_3.PNG,857131,"{}",156,36,"{""name"":""polygon"",""all_points_x"":[107,108,108,109,108,107,105,104],""all_points_y"":[370,369,367,367,363,364,366,366]}","{""void"":""void""}"
4-10-24_CG002_BJ3_3.PNG,857131,"{}",156,37,"{""name"":""polygon"",""all_points_x"":[115,116,114,112],""all_points_y"":[359,356,353,356]}","{""void"":""void""}"
4-10-24_CG002_BJ3_3.PNG,857131,"{}",156,38,"{""name"":""polygon"",""all_points_x"":[121,124,125,122],""all_points_y"":[363,362,360,361]}","{""void"":""void""}"
4-10-24_CG002_BJ3_3.PNG,857131,"{}",156,39,"{""name"":""polygon"",""all_points_x"":[133,137,141,144,147,146,149,150,151,155,152,152,155,155,152,148,146,143,136,137,137,134,134,134,132,134,134],""all_points_y"":[365,367,368,365,359,358,355,353,346,341,336,331,331,326,323,325,322,320,323,328,330,334,342,350,354,356,362]}","{""void"":""void""}"
4-10-24_CG002_BJ3_3.PNG,857131,"{}",156,40,"{""name"":""polygon"",""all_points_x"":[202,195,191,187,181,180,178,176,168,165,163,162,155,143,143,141,138,136,134,129,126,124,114,112,109,109,109,109,114,121,129,130,134,139,144,148,156,165,168,169,172,173,176,180,179,179,183,191],""all_points_y"":[321,319,317,319,317,312,309,305,298,298,298,295,296,297,300,301,301,301,305,305,305,305,305,303,299,296,290,286,284,282,283,279,276,276,275,274,281,288,290,290,289,286,286,286,292,300,309,314]}","{""void"":""void""}"
4-10-24_CG002_BJ3_3.PNG,857131,"{}",156,41,"{""name"":""polygon"",""all_points_x"":[223,226,227,225],""all_points_y"":[308,309,308,305]}","{""void"":""void""}"
4-10-24_CG002_BJ3_3.PNG,857131,"{}",156,42,"{""name"":""polygon"",""all_points_x"":[105,110,115,120,121,123,124,122,119,114,107,105,103],""all_points_y"":[260,266,268,268,264,261,259,253,249,249,250,252,255]}","{""void"":""void""}"
4-10-24_CG002_BJ3_3.PNG,857131,"{}",156,43,"{""name"":""polygon"",""all_points_x"":[142,146,148,153,156,156,153,150,145,143],""all_points_y"":[266,271,271,270,267,263,260,257,256,261]}","{""void"":""void""}"
4-10-24_CG002_BJ3_3.PNG,857131,"{}",156,44,"{""name"":""polygon"",""all_points_x"":[159,162,165,162,159,158],""all_points_y"":[273,274,272,269,268,272]}","{""void"":""void""}"
4-10-24_CG002_BJ3_3.PNG,857131,"{}",156,45,"{""name"":""polygon"",""all_points_x"":[134,136,141,146,148,148,143,139,136],""all_points_y"":[241,246,248,248,245,241,238,235,236]}","{""void"":""void""}"
4-10-24_CG002_BJ3_3.PNG,857131,"{}",156,46,"{""name"":""polygon"",""all_points_x"":[202,197,193,189,183,176,173,170,169,173,176,178,183,186,184,181,180,181,184,188,188,191,194,198,209,215,221,225,226,227,226,227,231,230,229,230,232,233,232,228,224,217,213,212,211,211,212,214,218,222,227,230,232,234,241,245,250,253,256,258,259,260,257,254,253,253,252,249,236,232,224,221,215,214,207,201,196,194,201],""all_points_y"":[204,210,215,222,224,226,230,237,246,247,252,259,264,269,276,281,284,285,283,276,272,266,263,260,260,261,266,275,277,285,287,291,289,285,279,274,269,259,253,246,239,234,229,223,217,217,211,207,204,204,202,203,203,205,207,207,205,204,204,203,198,193,185,181,179,176,173,169,164,163,165,169,167,173,176,180,185,187,200]}","{""void"":""void""}"
4-10-24_CG002_BJ3_3.PNG,857131,"{}",156,47,"{""name"":""polygon"",""all_points_x"":[272,276,281,281,278,275,275],""all_points_y"":[57,56,53,51,48,49,53]}","{""void"":""void""}"
4-10-24_CG002_BJ3_3.PNG,857131,"{}",156,48,"{""name"":""polygon"",""all_points_x"":[299,302,304,307,307,305,301,299],""all_points_y"":[41,43,44,40,36,33,34,40]}","{""void"":""void""}"
4-10-24_CG002_BJ3_3.PNG,857131,"{}",156,49,"{""name"":""polygon"",""all_points_x"":[310,317,324,336,342,352,358,364,369,370,373,378,380,381,385,388,391,393,394,394,394,372,371,364,355,350,302,298,301,305,308],""all_points_y"":[29,28,31,31,33,35,35,32,28,25,27,25,22,21,21,20,18,15,9,5,2,2,7,9,11,2,1,4,8,15,23]}","{""void"":""void""}"
4-10-24_CG002_BJ3_3.PNG,857131,"{}",156,50,"{""name"":""polygon"",""all_points_x"":[345,348,353,356,355,352,347,344],""all_points_y"":[57,60,56,52,48,46,48,53]}","{""void"":""void""}"
4-10-24_CG002_BJ3_3.PNG,857131,"{}",156,51,"{""name"":""polygon"",""all_points_x"":[337,340,344,344,342,337],""all_points_y"":[77,79,77,75,72,75]}","{""void"":""void""}"
4-10-24_CG002_BJ3_3.PNG,857131,"{}",156,52,"{""name"":""polygon"",""all_points_x"":[378,382,386,383,378],""all_points_y"":[53,55,55,52,51]}","{""void"":""void""}"
4-10-24_CG002_BJ3_3.PNG,857131,"{}",156,53,"{""name"":""polygon"",""all_points_x"":[451,457,460,465,469,471,473,475,477],""all_points_y"":[2,6,11,14,12,11,7,4,2]}","{""void"":""void""}"
4-10-24_CG002_BJ3_3.PNG,857131,"{}",156,54,"{""name"":""polygon"",""all_points_x"":[437,440,443,445,443,439,435,434,435],""all_points_y"":[22,22,22,16,13,12,12,17,21]}","{""void"":""void""}"
4-10-24_CG002_BJ3_3.PNG,857131,"{}",156,55,"{""name"":""polygon"",""all_points_x"":[410,412,421,424,426,433,436,441,443,444,443,438,433,429,423,419,415,411,409],""all_points_y"":[36,44,52,54,54,52,50,49,43,40,34,27,23,20,17,18,22,27,34]}","{""void"":""void""}"
4-10-24_CG002_BJ3_3.PNG,857131,"{}",156,56,"{""name"":""polygon"",""all_points_x"":[384,385,388,384,380,380,376,382,383,387,388,389,390,393,398,396,398,405,409,412,414,417,414,413,409,398,394,394,391,388,388,386,384],""all_points_y"":[78,86,92,97,103,104,109,116,118,117,115,114,111,109,105,92,91,87,83,80,77,76,72,68,66,59,58,61,63,64,66,68,72]}","{""void"":""void""}"
4-10-24_CG002_BJ3_3.PNG,857131,"{}",156,57,"{""name"":""polygon"",""all_points_x"":[419,421,424,428,428,427,424,419,420],""all_points_y"":[93,97,97,94,91,87,84,87,90]}","{""void"":""void""}"
4-10-24_CG002_BJ3_3.PNG,857131,"{}",156,58,"{""name"":""polygon"",""all_points_x"":[321,325,330,335,338,338,335,334,332,330,326,326,326,324,323],""all_points_y"":[163,164,166,166,162,159,157,156,151,149,148,151,153,156,159]}","{""void"":""void""}"
4-10-24_CG002_BJ3_3.PNG,857131,"{}",156,59,"{""name"":""polygon"",""all_points_x"":[280,282,287,289,291,294,294,290,286,282,280],""all_points_y"":[188,191,192,192,189,189,184,180,179,179,185]}","{""void"":""void""}"
4-10-24_CG002_BJ3_3.PNG,857131,"{}",156,60,"{""name"":""polygon"",""all_points_x"":[299,303,306,307,307,302],""all_points_y"":[184,188,187,184,181,181]}","{""void"":""void""}"
4-10-24_CG002_BJ3_3.PNG,857131,"{}",156,61,"{""name"":""polygon"",""all_points_x"":[358,360,364,364,367,368,368,363,360],""all_points_y"":[141,141,146,150,148,144,140,138,140]}","{""void"":""void""}"
4-10-24_CG002_BJ3_3.PNG,857131,"{}",156,62,"{""name"":""polygon"",""all_points_x"":[344,346,353,357,362,366,369,365,362,358,353,349,346],""all_points_y"":[188,181,173,173,175,181,189,195,192,196,194,191,189]}","{""void"":""void""}"
4-10-24_CG002_BJ3_3.PNG,857131,"{}",156,63,"{""name"":""polygon"",""all_points_x"":[323,337,339,337,337,340,340,339,341,337,332,327,319,312,312,311,309,306,306,305,305,306,303,302,300,296,290,287,284,278,280,279,277,275,273,276,276,274,270,268,263,262,262,264,263,265,272,278,285,294,302,308,314,317],""all_points_y"":[200,200,213,222,232,236,241,245,250,256,261,266,267,264,262,260,257,256,253,252,250,246,243,238,235,237,239,241,244,244,246,247,248,248,246,243,241,239,239,237,230,225,223,220,216,210,207,208,212,215,215,215,212,208]}","{""void"":""void""}"
4-10-24_CG002_BJ3_3.PNG,857131,"{}",156,64,"{""name"":""polygon"",""all_points_x"":[238,238,241,247,252,255,257,255,250,245,239,238],""all_points_y"":[247,248,252,253,253,248,245,237,232,233,240,246]}","{""void"":""void""}"
4-10-24_CG002_BJ3_3.PNG,857131,"{}",156,65,"{""name"":""polygon"",""all_points_x"":[266,269,273,280,286,286,285,282,276,271,266],""all_points_y"":[272,278,281,281,281,276,270,264,261,260,265]}","{""void"":""void""}"
4-10-24_CG002_BJ3_3.PNG,857131,"{}",156,66,"{""name"":""polygon"",""all_points_x"":[359,365,370,370,364,362,355,352,351,353,355,357],""all_points_y"":[275,271,270,266,259,258,258,264,268,270,273,275]}","{""void"":""void""}"
4-10-24_CG002_BJ3_3.PNG,857131,"{}",156,67,"{""name"":""polygon"",""all_points_x"":[378,380,383,384,380],""all_points_y"":[310,312,312,308,307]}","{""void"":""void""}"
4-10-24_CG002_BJ3_3.PNG,857131,"{}",156,68,"{""name"":""polygon"",""all_points_x"":[392,396,401,407,411,412,412,411,405,401,395,394],""all_points_y"":[317,327,330,328,327,323,320,317,313,312,314,314]}","{""void"":""void""}"
4-10-24_CG002_BJ3_3.PNG,857131,"{}",156,69,"{""name"":""polygon"",""all_points_x"":[457,462,467,471,475,476,476,470,465,462,456,455],""all_points_y"":[329,333,333,333,328,323,321,319,318,317,322,328]}","{""void"":""void""}"
4-10-24_CG002_BJ3_3.PNG,857131,"{}",156,70,"{""name"":""polygon"",""all_points_x"":[385,380,377,374,378,378,384,387,389,393,397,403,407,409,413,414,416,420,424,425,425,430,436,442,443,445,449,453,460,462,458,455,452,451,451,451,454,460,460,463,470,478,480,483,490,491,486,481,477,475,475,471,469,468,466,463,459,456,455,453,451,452,450,449,450,444,440,435,431,434,439,442,444,445,446,446,443,436,430,426,424,422,420,414,410,405,399,396,385,384,381,378,376,375,376,374,374,378,379,383,383,385,385,386],""all_points_y"":[270,282,287,289,291,287,287,286,284,282,283,286,287,292,297,301,303,307,308,314,315,319,323,319,315,314,310,310,296,294,287,281,270,262,255,250,246,241,237,233,233,232,232,230,230,222,220,213,214,213,211,209,208,209,210,212,215,218,221,221,222,224,228,231,232,234,235,233,232,228,226,226,224,222,219,212,207,204,207,211,219,222,223,225,222,220,217,215,212,210,210,214,219,222,225,228,235,237,241,246,255,258,264,268]}","{""void"":""void""}"
4-10-24_CG002_BJ3_3.PNG,857131,"{}",156,71,"{""name"":""polygon"",""all_points_x"":[492,497,499,501,504,506,506,504,503,501,499,498,496,494],""all_points_y"":[325,327,328,328,327,325,323,321,319,320,319,317,318,321]}","{""void"":""void""}"
4-10-24_CG002_BJ3_3.PNG,857131,"{}",156,72,"{""name"":""polygon"",""all_points_x"":[515,517,519,518,517,514],""all_points_y"":[329,331,330,328,327,327]}","{""void"":""void""}"
4-10-24_CG002_BJ3_3.PNG,857131,"{}",156,73,"{""name"":""polygon"",""all_points_x"":[523,524,526,527,529,530,530,530,529,526,522,522],""all_points_y"":[346,346,346,346,344,341,337,336,335,338,342,345]}","{""void"":""void""}"
4-10-24_CG002_BJ3_3.PNG,857131,"{}",156,74,"{""name"":""polygon"",""all_points_x"":[515,518,522,525,530,534,535,537,541,544,545,547,549,549,547,544,542,540,539,537,535,534,533,535,537,538,543,544,545,544,541,537,533,531,530,530,529,530,530,526,519,515],""all_points_y"":[299,303,305,305,303,301,296,299,300,301,299,297,295,293,291,292,290,287,287,289,286,285,281,251,250,250,248,248,243,239,237,235,236,239,242,245,248,251,287,289,294,297]}","{""void"":""void""}"
4-10-24_CG002_BJ3_3.PNG,857131,"{}",156,75,"{""name"":""polygon"",""all_points_x"":[497,501,503,507,510,511,507,499],""all_points_y"":[228,232,234,233,226,221,219,223]}","{""void"":""void""}"
4-10-24_CG002_BJ3_3.PNG,857131,"{}",156,76,"{""name"":""polygon"",""all_points_x"":[596,597,601,604,608,610,611,612,611,606,603,601,597,596,594,596,596],""all_points_y"":[261,259,256,256,255,253,249,246,244,243,243,245,247,248,248,253,257]}","{""void"":""void""}"
4-10-24_CG002_BJ3_3.PNG,857131,"{}",156,77,"{""name"":""polygon"",""all_points_x"":[619,622,625,629,631,632,631,627,622,619,620],""all_points_y"":[320,319,320,318,315,311,307,305,307,313,316]}","{""void"":""void""}"
4-10-24_CG002_BJ3_3.PNG,857131,"{}",156,78,"{""name"":""polygon"",""all_points_x"":[621,623,626,630,630,629,626,624,621],""all_points_y"":[284,286,288,287,284,280,280,280,281]}","{""void"":""void""}"
4-10-24_CG002_BJ3_3.PNG,857131,"{}",156,79,"{""name"":""polygon"",""all_points_x"":[597,603,605,606,608,608,604,601,597],""all_points_y"":[236,238,240,239,235,231,229,229,232]}","{""void"":""void""}"
4-10-24_CG002_BJ3_3.PNG,857131,"{}",156,80,"{""name"":""polygon"",""all_points_x"":[610,612,616,617,614,611,609],""all_points_y"":[239,239,235,231,230,233,237]}","{""void"":""void""}"
4-10-24_CG002_BJ3_3.PNG,857131,"{}",156,81,"{""name"":""polygon"",""all_points_x"":[619,618,619,621,626,630,634,638,640,637,635,627,624,620],""all_points_y"":[227,230,233,237,240,239,236,235,233,226,223,221,220,224]}","{""void"":""void""}"
4-10-24_CG002_BJ3_3.PNG,857131,"{}",156,82,"{""name"":""polygon"",""all_points_x"":[649,651,654,656,656,654,652,649,644,641,640,639,641,646],""all_points_y"":[225,225,223,219,214,207,205,203,204,207,214,217,223,226]}","{""void"":""void""}"
4-10-24_CG002_BJ3_3.PNG,857131,"{}",156,83,"{""name"":""polygon"",""all_points_x"":[398,399,403,401,398],""all_points_y"":[174,175,174,171,173]}","{""void"":""void""}"
4-10-24_CG002_BJ3_3.PNG,857131,"{}",156,84,"{""name"":""polygon"",""all_points_x"":[436,435,434,435,433,433,434,439,444,449,455,462,463,468,470,472,475,476,477,477,474,472,470,467,465,462,463,465,467,467,460,457,456,452,447,443,439,434,433,434],""all_points_y"":[150,155,164,168,173,179,182,185,187,189,188,188,181,180,180,180,178,173,168,163,159,155,153,150,149,148,146,143,141,140,133,137,134,130,130,130,132,136,142,148]}","{""void"":""void""}"
4-10-24_CG002_BJ3_3.PNG,857131,"{}",156,85,"{""name"":""polygon"",""all_points_x"":[449,452,455,455,453,450],""all_points_y"":[116,118,117,114,112,114]}","{""void"":""void""}"
4-10-24_CG002_BJ3_3.PNG,857131,"{}",156,86,"{""name"":""polygon"",""all_points_x"":[453,457,453,455,455,458,465,470,471,477,480,482,486,489,492,492,490,491,492,491,490,489,489,489,488,485,481,480,478,473,471,468,466,463,455,458,455],""all_points_y"":[62,66,72,79,84,89,98,102,106,105,102,98,98,99,103,97,93,92,87,84,82,79,75,69,64,61,59,55,52,53,55,55,55,51,53,56,59]}","{""void"":""void""}"
4-10-24_CG002_BJ3_3.PNG,857131,"{}",156,87,"{""name"":""polygon"",""all_points_x"":[512,515,519,523,528,538,540,544,550,557,566,572,576,585,591,589,587,585,583,579,580,581,583,589,594,597,604,605,600,597,595,594,595,592,590,588,585,582,580,578,579,576,576,574,574,569,563,555,551,552,553,553,556,556,550,544,536,531,528,528,531,532,532,531,532,536,535,532,528,526,523,518,516,514,509,510,508,504,504,503,502,499,498,498,495,493,491,491,495,503,508,512,512,515,518,519,515,512],""all_points_y"":[216,216,217,221,223,225,230,230,232,235,239,243,247,249,246,241,238,230,223,215,209,196,191,196,199,197,191,189,187,186,189,187,183,180,178,178,180,180,181,184,186,212,209,206,202,200,199,197,194,191,184,176,170,166,163,159,154,152,150,148,147,144,142,138,136,132,130,128,127,129,128,127,126,124,125,128,129,130,132,134,136,133,136,138,138,138,139,142,150,154,164,168,171,174,180,191,202,212]}","{""void"":""void""}"
4-10-24_CG002_BJ3_3.PNG,857131,"{}",156,88,"{""name"":""polygon"",""all_points_x"":[622,624,631,634,637,635,636,636,635,636,637,637,639,637,637,637,636,631,627,624,624,624,622,620,617,616,616,617],""all_points_y"":[204,207,208,204,202,199,196,192,185,180,173,170,168,166,162,158,156,153,156,160,164,175,178,181,187,193,200,204]}","{""void"":""void""}"
4-10-24_CG002_BJ3_3.PNG,857131,"{}",156,89,"{""name"":""polygon"",""all_points_x"":[602,611,609,608,604,602],""all_points_y"":[166,168,164,160,159,162]}","{""void"":""void""}"
4-10-24_CG002_BJ3_3.PNG,857131,"{}",156,90,"{""name"":""polygon"",""all_points_x"":[572,580,584,586,580],""all_points_y"":[123,130,130,123,116]}","{""void"":""void""}"
4-10-24_CG002_BJ3_3.PNG,857131,"{}",156,91,"{""name"":""polygon"",""all_points_x"":[712,715,719,721,718,714,709,706,701,699,700,704,705,709],""all_points_y"":[253,252,247,245,238,235,237,238,237,241,243,246,247,248]}","{""void"":""void""}"
4-10-24_CG002_BJ3_3.PNG,857131,"{}",156,92,"{""name"":""polygon"",""all_points_x"":[663,659,659,663,667,675,680,680,678,673,666],""all_points_y"":[210,215,219,223,225,224,219,214,211,209,208]}","{""void"":""void""}"
4-10-24_CG002_BJ3_3.PNG,857131,"{}",156,93,"{""name"":""polygon"",""all_points_x"":[676,679,688,692,697,698,695,691,690,685,678,676],""all_points_y"":[194,202,201,202,199,195,191,189,186,184,187,192]}","{""void"":""void""}"
4-10-24_CG002_BJ3_3.PNG,857131,"{}",156,94,"{""name"":""polygon"",""all_points_x"":[686,689,692,691,690,687],""all_points_y"":[157,160,159,155,152,153]}","{""void"":""void""}"
4-10-24_CG002_BJ3_3.PNG,857131,"{}",156,95,"{""name"":""polygon"",""all_points_x"":[604,609,612,613,609,605],""all_points_y"":[123,126,123,120,119,121]}","{""void"":""void""}"
4-10-24_CG002_BJ3_3.PNG,857131,"{}",156,96,"{""name"":""polygon"",""all_points_x"":[631,634,635,638,642,647,651,650,645,639,635],""all_points_y"":[126,130,135,139,139,138,133,125,119,118,119]}","{""void"":""void""}"
4-10-24_CG002_BJ3_3.PNG,857131,"{}",156,97,"{""name"":""polygon"",""all_points_x"":[516,518,521,524,525,527,531,536,540,545,548,549,548,544,540,534,532,527,524,525,525,524,521],""all_points_y"":[91,93,96,99,101,104,105,105,104,101,98,92,88,85,82,76,74,70,68,74,79,81,84]}","{""void"":""void""}"
4-10-24_CG002_BJ3_3.PNG,857131,"{}",156,98,"{""name"":""polygon"",""all_points_x"":[530,534,535,540,547,549,553,557,558,561,561,561,558,556,552,532,533,531,529],""all_points_y"":[41,39,40,41,41,41,37,36,34,27,21,15,9,5,1,2,4,6,7]}","{""void"":""void""}"
4-10-24_CG002_BJ3_3.PNG,857131,"{}",156,99,"{""name"":""polygon"",""all_points_x"":[556,558,561,562,560,557,557],""all_points_y"":[51,52,52,50,48,48,50]}","{""void"":""void""}"
4-10-24_CG002_BJ3_3.PNG,857131,"{}",156,100,"{""name"":""polygon"",""all_points_x"":[566,570,571,572,572,575,575,582,587,595,601,605,607,603,599,596,599,603,601,599,593,585,580,573,568,570,574,578,580,576,570],""all_points_y"":[58,61,66,71,75,77,80,81,82,80,72,62,56,51,46,41,34,29,25,20,14,13,12,14,20,27,32,35,44,48,53]}","{""void"":""void""}"
4-10-24_CG002_BJ3_3.PNG,857131,"{}",156,101,"{""name"":""polygon"",""all_points_x"":[609,611,610,609,606,599,599,595,591,586,586,588,593,601,612,617,620,627,630,632,635,639,641,644,647,649,653,657,656,657,655,654,658,665,670,678,685,691,695,700,703,707,711,714,717,717,713,706,701,698,696,693,687,684,681,680,676,673,670,664,660,654,644,639,637,635,637,637,636,632,631,627,619,614],""all_points_y"":[74,77,82,84,87,89,88,88,90,92,96,102,107,109,108,103,98,97,95,94,96,96,97,101,106,111,116,122,126,132,137,139,145,151,152,151,148,141,134,124,118,116,115,113,110,106,102,100,98,98,103,109,110,110,109,107,108,107,103,100,96,94,94,91,88,83,79,74,70,66,66,63,64,68]}","{""void"":""void""}"
4-10-24_CG002_BJ3_3.PNG,857131,"{}",156,102,"{""name"":""polygon"",""all_points_x"":[643,645,650,651,649,644],""all_points_y"":[80,82,81,77,73,73]}","{""void"":""void""}"
4-10-24_CG002_BJ3_3.PNG,857131,"{}",156,103,"{""name"":""polygon"",""all_points_x"":[661,663,666,667,667,666,664,662,660],""all_points_y"":[61,64,63,61,59,56,55,55,59]}","{""void"":""void""}"
4-10-24_CG002_BJ3_3.PNG,857131,"{}",156,104,"{""name"":""polygon"",""all_points_x"":[673,676,681,686,689,693,696,698,696,690,686,681,678,676,674],""all_points_y"":[86,92,98,98,95,92,91,86,80,77,73,73,75,80,84]}","{""void"":""void""}"
4-10-24_CG002_BJ3_3.PNG,857131,"{}",156,105,"{""name"":""polygon"",""all_points_x"":[698,700,704,706,704,701,699],""all_points_y"":[77,80,80,77,73,72,75]}","{""void"":""void""}"
4-10-24_CG002_BJ3_3.PNG,857131,"{}",156,106,"{""name"":""polygon"",""all_points_x"":[632,639,644,649,656,660,667,676,679,678,675,671,666,663,658,656,641,645,644,641,639,635,633,634,633],""all_points_y"":[44,46,50,49,50,51,51,46,43,38,30,18,15,12,6,1,2,7,10,15,18,23,25,28,32]}","{""void"":""void""}"
4-10-24_CG002_BJ3_3.PNG,857131,"{}",156,107,"{""name"":""polygon"",""all_points_x"":[710,713,715,719,724,727,730,732,735,735,733,729,725,721,716,711],""all_points_y"":[77,82,84,87,86,87,86,84,81,78,76,73,71,68,70,75]}","{""void"":""void""}"
4-10-24_CG002_BJ3_3.PNG,857131,"{}",156,108,"{""name"":""polygon"",""all_points_x"":[693,699,708,707,707,708,709,710,710,713,716,716,714,713,713,712,713,713,715,716,718,718,718,717,717,717,716,716,712,710,709,706,705,702,701,701,701,700,698,696,693,693,693,693,691,690,692,692,692],""all_points_y"":[61,59,54,59,64,65,67,66,64,61,57,53,51,50,48,46,43,41,40,40,39,38,36,33,32,31,28,27,25,25,25,26,27,27,31,35,37,38,37,36,38,41,44,46,48,48,51,55,58]}","{""void"":""void""}"
4-10-24_CG002_BJ3_3.PNG,857131,"{}",156,109,"{""name"":""polygon"",""all_points_x"":[766,767,765,770,776,783,788,792,797,795,791,788,782,777,770,766,766],""all_points_y"":[99,103,108,114,118,121,121,116,109,104,98,94,92,92,92,92,95]}","{""void"":""void""}"
4-10-24_CG002_BJ3_3.PNG,857131,"{}",156,110,"{""name"":""polygon"",""all_points_x"":[814,816,821,823,827,824,820],""all_points_y"":[118,125,126,125,121,116,113]}","{""void"":""void""}"
4-10-24_CG002_BJ3_3.PNG,857131,"{}",156,111,"{""name"":""polygon"",""all_points_x"":[768,770,773,774,776,774,770,769],""all_points_y"":[146,146,146,145,144,141,141,143]}","{""void"":""void""}"
4-10-24_CG002_BJ3_3.PNG,857131,"{}",156,112,"{""name"":""polygon"",""all_points_x"":[785,788,790,788,785],""all_points_y"":[139,141,139,137,138]}","{""void"":""void""}"
4-10-24_CG002_BJ3_3.PNG,857131,"{}",156,113,"{""name"":""polygon"",""all_points_x"":[737,745,750,755,762,766,769,769,767,767,770,777,781,780,776,773,772,767,767,764,763,763,758,758,756,756,752,739,736,738,737,736,735,739,740,740,741,744,745,745,745,744,742,741],""all_points_y"":[200,210,209,207,207,207,206,200,195,194,194,194,189,186,184,181,178,169,164,158,154,152,150,144,141,137,132,133,139,141,145,152,155,160,162,165,170,173,174,178,181,187,192,196]}","{""void"":""void""}"
4-10-24_CG002_BJ3_3.PNG,857131,"{}",156,114,"{""name"":""polygon"",""all_points_x"":[755,757,757,761,767,772,776,778,776,772,765,760,758],""all_points_y"":[232,237,239,243,246,243,239,235,230,222,220,225,227]}","{""void"":""void""}"
4-10-24_CG002_BJ3_3.PNG,857131,"{}",156,115,"{""name"":""polygon"",""all_points_x"":[739,739,740,744,745,749,754,762,767,772,777,778,777,775,772,770,770,763,750,743],""all_points_y"":[320,332,333,333,337,341,342,342,342,340,335,330,326,322,319,315,312,312,312,315]}","{""void"":""void""}"
4-10-24_CG002_BJ3_3.PNG,857131,"{}",156,116,"{""name"":""polygon"",""all_points_x"":[794,797,800,797,797,796,795,792,790,788,786,785,781,778,778,777,783,786],""all_points_y"":[317,317,312,309,305,302,298,295,297,298,298,297,299,301,306,310,313,316]}","{""void"":""void""}"
4-10-24_CG002_BJ3_3.PNG,857131,"{}",156,117,"{""name"":""polygon"",""all_points_x"":[737,740,744,745,745,740],""all_points_y"":[346,351,350,346,344,344]}","{""void"":""void""}"
4-10-24_CG002_BJ3_3.PNG,857131,"{}",156,118,"{""name"":""polygon"",""all_points_x"":[872,878,884,886,887,884,873,871],""all_points_y"":[327,336,335,331,328,320,317,326]}","{""void"":""void""}"
4-10-24_CG002_BJ3_3.PNG,857131,"{}",156,119,"{""name"":""polygon"",""all_points_x"":[21,19,17,18,21,27,32,36,41,42,37,34,27],""all_points_y"":[388,389,392,397,400,405,409,410,407,404,397,394,391]}","{""void"":""interfacial void""}"
4-10-24_CG002_BJ3_3.PNG,857131,"{}",156,120,"{""name"":""polygon"",""all_points_x"":[17,15,19,11,7,1,1,4,7,12],""all_points_y"":[398,391,387,384,382,376,386,389,389,393]}","{""void"":""glass""}"
4-10-24_CG002_BJ3_3.PNG,857131,"{}",156,121,"{""name"":""polygon"",""all_points_x"":[73,78,80,86,89,91,94,99,102,101,98,94,89,89,88,81,82,80,79,78,77,76,75,76,75,73],""all_points_y"":[385,389,387,386,386,389,392,392,389,384,380,375,373,368,363,362,364,366,368,371,374,375,377,380,383,385]}","{""void"":""interfacial void""}"
4-10-24_CG002_BJ3_3.PNG,857131,"{}",156,122,"{""name"":""polygon"",""all_points_x"":[68,77,73,68,67],""all_points_y"":[394,390,387,391,393]}","{""void"":""glass""}"
4-10-24_CG002_BJ3_3.PNG,857131,"{}",156,123,"{""name"":""polygon"",""all_points_x"":[123,113,109,105,95,93,99,102,102,106,113,118],""all_points_y"":[389,397,399,396,394,394,393,390,387,386,388,389]}","{""void"":""glass""}"
4-10-24_CG002_BJ3_3.PNG,857131,"{}",156,124,"{""name"":""polygon"",""all_points_x"":[155,160,163,168,170,166,159,157,152,151,150,152],""all_points_y"":[358,355,352,350,346,343,342,342,347,353,356,359]}","{""void"":""interfacial void""}"
4-10-24_CG002_BJ3_3.PNG,857131,"{}",156,125,"{""name"":""polygon"",""all_points_x"":[196,194,198,199,198],""all_points_y"":[353,350,346,349,351]}","{""void"":""silver""}"
4-10-24_CG002_BJ3_3.PNG,857131,"{}",156,126,"{""name"":""polygon"",""all_points_x"":[171,173,166,173,175,177,180,183,188,195,201,203,205,205,204,208,216,223,232,227,223,220,216,209,204,197,193,187,180,177],""all_points_y"":[349,345,343,341,339,339,341,343,344,342,339,336,330,326,323,323,326,325,324,327,330,333,337,343,347,346,350,348,346,346]}","{""void"":""glass""}"
4-10-24_CG002_BJ3_3.PNG,857131,"{}",156,127,"{""name"":""polygon"",""all_points_x"":[300,298,289,285,281,284,289,296],""all_points_y"":[352,357,360,358,352,352,355,353]}","{""void"":""interfacial void""}"
4-10-24_CG002_BJ3_3.PNG,857131,"{}",156,128,"{""name"":""polygon"",""all_points_x"":[288,289,298,301,301,289,285,279,284,288,288,278,269,262,255,266,275,282,288,290,283,274,272,276,282,284,284,289,293,296,301,303,303,304,303,304,302,303,307,315,319,312,307,300],""all_points_y"":[370,361,359,352,350,353,351,351,359,361,369,361,350,345,337,339,337,330,325,315,307,305,305,298,291,289,286,285,286,292,299,305,312,314,323,332,344,348,348,345,344,351,355,361]}","{""void"":""glass""}"
4-10-24_CG002_BJ3_3.PNG,857131,"{}",156,129,"{""name"":""polygon"",""all_points_x"":[326,335,336,334,327,326],""all_points_y"":[341,338,335,335,337,340]}","{""void"":""silver""}"
4-10-24_CG002_BJ3_3.PNG,857131,"{}",156,130,"{""name"":""polygon"",""all_points_x"":[351,347,342,337,331,337,339,342],""all_points_y"":[338,335,331,330,335,333,334,335]}","{""void"":""glass""}"
4-10-24_CG002_BJ3_3.PNG,857131,"{}",156,131,"{""name"":""polygon"",""all_points_x"":[343,346,351,352,350,347],""all_points_y"":[337,341,342,340,339,339]}","{""void"":""silver""}"
4-10-24_CG002_BJ3_3.PNG,857131,"{}",156,132,"{""name"":""polygon"",""all_points_x"":[378,383,385,381,378],""all_points_y"":[344,345,343,341,343]}","{""void"":""silver""}"
4-10-24_CG002_BJ3_3.PNG,857131,"{}",156,133,"{""name"":""polygon"",""all_points_x"":[398,393,387,384,381,376,371,373,377,383,386,389],""all_points_y"":[347,342,337,337,338,341,343,343,340,339,342,344]}","{""void"":""glass""}"
4-10-24_CG002_BJ3_3.PNG,857131,"{}",156,134,"{""name"":""polygon"",""all_points_x"":[451,453,457,462,463,460,454],""all_points_y"":[361,356,355,355,356,358,359]}","{""void"":""silver""}"
4-10-24_CG002_BJ3_3.PNG,857131,"{}",156,135,"{""name"":""polygon"",""all_points_x"":[418,424,427,431,434,439,446,450,450,454,459,462,464,467,467,468,469,465,460,455,450,444,441,440,437,435,430,427,424,419],""all_points_y"":[367,374,378,378,375,371,366,361,359,355,354,354,355,355,352,350,347,348,351,352,353,353,357,359,363,365,369,371,368,367]}","{""void"":""glass""}"
4-10-24_CG002_BJ3_3.PNG,857131,"{}",156,136,"{""name"":""polygon"",""all_points_x"":[488,489,492,498,498,501,507,509,510,514,517,526,535,540,545,548,551,555,556,547,537,533,527,523,519,516,512,509,503,494,489,483,479,475,471,470,471,479,486,492,492],""all_points_y"":[353,353,351,354,359,365,374,376,376,378,379,380,377,375,369,364,367,366,367,376,384,383,383,385,386,386,382,379,374,371,369,368,369,367,363,361,360,363,363,360,356]}","{""void"":""glass""}"
4-10-24_CG002_BJ3_3.PNG,857131,"{}",156,137,"{""name"":""polygon"",""all_points_x"":[556,561,568,572,574,575,574,568,564,558,551,545,547,547,547,550,554],""all_points_y"":[365,363,358,353,348,343,339,337,341,344,346,347,354,360,363,365,365]}","{""void"":""void""}"
4-10-24_CG002_BJ3_3.PNG,857131,"{}",156,138,"{""name"":""polygon"",""all_points_x"":[603,605,603,599],""all_points_y"":[332,330,328,331]}","{""void"":""silver""}"
4-10-24_CG002_BJ3_3.PNG,857131,"{}",156,139,"{""name"":""polygon"",""all_points_x"":[575,581,585,589,594,597,600,603,607,610,618,610,603,594,592,591,591,594,597,599,600,605,605,605,599,598,595,594,594,591,584,578,571,570,575,578,575,579,579,582,583,581,578,576],""all_points_y"":[351,348,344,339,333,332,329,327,328,329,327,325,325,324,322,315,308,302,295,289,286,281,274,269,267,266,270,274,278,292,299,302,305,306,312,317,334,328,323,321,328,331,333,340]}","{""void"":""glass""}"
4-10-24_CG002_BJ3_3.PNG,857131,"{}",156,140,"{""name"":""polygon"",""all_points_x"":[659,658,661,667,674,678,679,674,667,662],""all_points_y"":[337,345,349,350,346,341,333,328,327,333]}","{""void"":""interfacial void""}"
4-10-24_CG002_BJ3_3.PNG,857131,"{}",156,141,"{""name"":""polygon"",""all_points_x"":[641,649,655,665,667,661,657,658,653,650,646],""all_points_y"":[343,350,353,353,351,350,346,337,342,343,342]}","{""void"":""glass""}"
4-10-24_CG002_BJ3_3.PNG,857131,"{}",156,142,"{""name"":""polygon"",""all_points_x"":[696,697,703,706,708,705,699],""all_points_y"":[336,332,331,333,339,340,337]}","{""void"":""interfacial void""}"
4-10-24_CG002_BJ3_3.PNG,857131,"{}",156,143,"{""name"":""polygon"",""all_points_x"":[705,709,706,697,695,690,686,681,681,678,688,700,711,709,711,716,720,727,731,734,741,745,750,758,767,776,780,781,784,791,800,813,822,829,815,811,807,795,790,780,756,740,724,711],""all_points_y"":[342,340,330,330,337,337,336,337,334,328,328,323,318,323,331,342,348,356,359,363,368,369,370,376,383,382,382,380,388,394,396,396,393,389,402,401,399,403,402,397,380,369,360,344]}","{""void"":""glass""}"
4-10-24_CG002_BJ3_3.PNG,857131,"{}",156,144,"{""name"":""polygon"",""all_points_x"":[831,821,808,791,785,782,783,780,780,782,778,780,783,788,792,796,798,801,804,810,813,824,833,838,843,854,860,862,867,865,857,845],""all_points_y"":[386,392,395,392,387,378,376,375,373,370,364,360,351,346,345,339,338,336,337,337,337,344,345,345,342,338,342,342,348,355,365,374]}","{""void"":""interfacial void""}"
4-10-24_CG002_BJ3_3.PNG,857131,"{}",156,145,"{""name"":""polygon"",""all_points_x"":[797,802,804,804,803,799,798,797],""all_points_y"":[337,336,337,334,330,330,328,334]}","{""void"":""glass""}"
4-10-24_CG002_BJ3_3.PNG,857131,"{}",156,146,"{""name"":""polygon"",""all_points_x"":[877,882,894,891,882,879],""all_points_y"":[351,356,355,351,348,350]}","{""void"":""silver""}"
4-10-24_CG002_BJ3_3.PNG,857131,"{}",156,147,"{""name"":""polygon"",""all_points_x"":[863,869,866,862,867,873,875,879,879,877,874,870],""all_points_y"":[341,347,356,361,360,355,351,348,345,342,343,343]}","{""void"":""glass""}"
4-10-24_CG002_BJ3_3.PNG,857131,"{}",156,148,"{""name"":""polygon"",""all_points_x"":[945,949,950,947,944],""all_points_y"":[365,365,361,360,362]}","{""void"":""silver""}"
4-10-24_CG002_BJ3_3.PNG,857131,"{}",156,149,"{""name"":""polygon"",""all_points_x"":[906,906,909,909],""all_points_y"":[361,358,357,360]}","{""void"":""silver""}"
4-10-24_CG002_BJ3_3.PNG,857131,"{}",156,150,"{""name"":""polygon"",""all_points_x"":[896,905,904,911,911,906,911,919,923,927,930,943,942,947,951,951,957,961,968,970,970,967,962,964,962,956,955,956,950,942,939,932,929,926,924,907,899,893,893],""all_points_y"":[357,361,356,353,359,363,365,363,360,363,361,365,362,359,362,364,361,357,351,349,345,345,346,350,355,353,348,347,345,342,336,328,326,331,336,347,350,350,351]}","{""void"":""glass""}"
4-10-24_CG002_BJ3_3.PNG,857131,"{}",156,151,"{""name"":""polygon"",""all_points_x"":[957,956,957,961,963,961],""all_points_y"":[348,349,352,353,351,346]}","{""void"":""interfacial void""}"
4-10-24_CG002_BJ3_3.PNG,857131,"{}",156,152,"{""name"":""polygon"",""all_points_x"":[1,2,6,4,6,6,2,2,4,5,14,16,18,14,10,7,1,2,11,20,25,30,32,39,42,40,40,34,31,24,25,29,27,32,32,37,40,39,46,49,53,54,59,59,60,58,59,57,52,48,41,17,14,14,8,6,1,2,7,9,14,15,19,22,27,29,25,27,25,16,7,7,1,1,9,22,26,36,43,49,56,66,71,73,73,77,80,79,91,91,96,99,102,108,124,142,152,149,145,140,132,132,132,130,132,134,132,135,134,145,149,153,157,157,153,157,167,173,175,180,184,194,201,203,203,203,209,215,221,233,241,249,253,265,274,286,288,282,271,271,283,283,291,296,303,305,305,305,322,328,335,345,350,355,354,360,368,374,381,387,393,400,408,417,426,427,440,442,442,453,471,469,468,471,474,478,482,490,490,487,490,498,500,501,509,525,540,547,545,543,563,567,573,575,574,577,567,582,590,594,599,607,607,601,593,594,609,618,628,630,635,641,650,658,660,662,660,659,650,646,644,642,650,655,652,658,662,665,671,667,662,660,659,662,674,684,694,696,709,714,718,718,706,701,711,720,724,719,715,713,711,716,726,735,742,750,767,779,781,778,780,780,776,781,787,791,795,797,802,805,814,824,837,842,849,854,860,864,870,876,879,881,887,893,903,911,916,921,923,918,904,890,888,887,878,868,861,857,852,855,858,847,832,806,804,795,790,786,778,791,795,796,794,789,779,768,763,754,744,735,742,743,738,738,733,736,736,734,739,754,758,758,760,760,765,769,770,775,780,784,788,790,786,784,796,803,806,808,806,801,801,805,803,796,796,791,788,794,802,818,822,822,820,824,833,837,845,855,860,852,849,842,837,831,822,816,817,809,809,786,763,754,749,756,754,765,769,770,765,658,662,667,673,681,668,643,639,631,631,632,632,644,640,555,563,562,558,553,550,533,531,528,527,529,531,529,478,471,465,458,452,396,394,389,380,379,372,371,368,358,343,336,323,312,307,296,299,200,201,198,192,189,191],""all_points_y"":[1,5,8,14,18,27,32,49,46,42,36,43,52,52,53,56,59,122,126,127,122,122,129,132,136,140,143,151,147,161,165,164,168,171,174,172,177,179,183,180,184,186,187,190,193,198,205,207,209,222,227,223,216,215,211,203,199,290,287,288,280,278,279,285,290,295,300,302,309,320,313,301,303,375,381,387,389,393,404,403,397,394,385,384,376,371,364,360,362,373,374,379,385,386,387,373,360,358,365,369,367,363,358,356,350,342,334,328,322,318,322,322,327,331,332,340,341,339,337,339,342,340,337,332,324,321,321,324,324,322,324,330,335,337,336,325,315,307,307,303,288,285,283,287,300,309,315,344,342,336,328,330,333,339,342,345,344,339,336,335,340,346,354,364,366,368,356,353,351,351,346,353,357,359,359,360,361,360,356,353,350,351,352,359,375,379,374,365,353,346,341,337,337,339,333,317,305,298,291,268,264,270,282,288,310,321,323,325,329,335,337,342,341,335,328,324,317,309,299,297,289,279,262,246,237,241,239,244,243,251,261,266,278,289,297,299,291,282,268,272,280,284,281,284,289,289,305,307,313,317,323,338,351,361,367,368,381,381,376,377,369,368,363,350,344,344,337,325,330,334,335,342,343,339,337,336,340,340,342,340,342,346,347,348,346,341,337,333,324,321,305,289,277,273,269,268,271,276,283,291,299,311,305,292,280,275,276,276,263,258,246,239,228,219,210,207,207,209,212,200,188,176,170,160,156,146,141,137,130,130,136,139,143,148,151,164,169,181,184,184,185,189,192,194,195,194,190,186,179,179,173,173,167,169,166,166,153,151,150,150,151,163,169,181,178,179,179,174,163,128,121,132,117,103,99,95,98,92,90,77,84,81,74,59,52,29,19,9,2,2,8,13,17,43,52,52,46,45,39,28,23,8,2,2,16,30,38,38,43,41,43,40,5,5,4,2,3,12,17,12,2,2,16,22,23,26,29,27,32,36,35,32,33,30,30,3,2,2,5,9,9,4,2]}","{""void"":""silver""}"
4-10-24_CG002_BJ3_3.PNG,857131,"{}",156,153,"{""name"":""polygon"",""all_points_x"":[652,647,647,650,658,660,662,663,670,677,683,696,705,710,715,718,722,717,706,699,696,683,673,662,660,658],""all_points_y"":[285,288,294,297,304,310,318,323,326,326,326,323,319,316,310,305,304,291,289,284,292,300,297,291,289,286]}","{""void"":""interfacial void""}"
4-10-24_CG002_BJ3_3.PNG,857131,"{}",156,154,"{""name"":""polygon"",""all_points_x"":[806,810,807,802,803,807,804,797,797,792,790,795,820,821,819,824],""all_points_y"":[191,186,178,178,175,174,164,167,164,164,155,153,152,163,169,182]}","{""void"":""void""}"
4-10-24_CG002_BJ3_3.PNG,857131,"{}",156,155,"{""name"":""polygon"",""all_points_x"":[1,2,7,16,19,32,36,42,43,50,56,66,69,73,80,88,91,90,105,108,117,125,133,144,154,154,160,169,175,181,198,234,241,253,259,262,268,278,288,302,321,325,329,336,338,341,344,346,353,361,369,374,376,378,384,386,389,400,404,416,427,432,449,452,460,464,469,469,478,483,488,503,516,522,527,537,558,572,576,585,593,595,597,604,608,619,627,629,639,644,650,655,665,669,672,676,679,680,686,689,693,698,704,710,723,739,790,796,807,815,832,837,846,856,860,865,868,874,877,881,893,904,904,914,923,927,930,943,949,954,965,973,986,1000,1024,1024,2],""all_points_y"":[389,391,391,400,401,412,413,410,406,406,400,396,396,394,390,389,393,396,399,400,396,389,383,373,361,360,356,351,350,348,355,323,326,337,343,348,351,363,372,362,344,343,343,339,336,337,342,343,343,347,346,344,344,346,347,345,346,350,353,366,379,379,366,362,359,358,360,363,371,370,371,377,389,389,386,386,368,356,353,346,337,334,334,335,332,329,331,337,342,349,353,355,355,353,349,346,342,339,338,339,340,342,344,346,361,371,405,405,401,404,389,383,376,369,363,363,363,356,353,359,357,363,366,367,363,366,364,367,368,365,358,348,341,334,346,689,691]}","{""void"":""silicon""}"